{
  "project_info": {
    "project_number": "661095143264",
    "project_id": "csci3310-project-812bd",
    "storage_bucket": "csci3310-project-812bd.firebasestorage.app"
  },
  "client": [
    {
      "client_info": {
        "mobilesdk_app_id": "1:661095143264:android:ceafb047ead052d0593005",
        "android_client_info": {
          "package_name": "com.company.timetable"
        }
      },
      "oauth_client": [],
      "api_key": [
        {
          "current_key": "AIzaSyCOMfGUS3dzQfpREWEXBd_hYcnSXu6gkkQ"
        }
      ],
      "services": {
        "appinvite_service": {
          "other_platform_oauth_client": []
        }
      }
    }
  ],
  "configuration_version": "1"
}